movieId,tagId,relevance
1,29,0.907
1,63,0.955
1,64,0.98875
1,186,0.9585
1,203,0.9055
1,204,0.9545
1,244,0.999
1,412,0.9335
1,469,0.904
1,536,0.92875
1,588,0.9785
1,589,0.9885
1,785,0.96975
1,786,0.9955
1,971,0.917
1,1036,0.9995
2,29,0.978
2,204,0.96875
2,377,0.95675
2,584,0.94175
2,588,0.9475
2,951,0.94
3,451,0.96775
3,901,0.97
3,902,0.93775
4,1116,0.97625
5,383,0.90275
5,451,0.96925
5,808,0.904
5,901,0.9575
5,902,0.95625
6,19,0.9295
6,105,0.94275
6,268,0.98
6,465,0.9545
6,498,0.9665
6,536,0.918
7,849,0.982
7,863,0.9235
7,864,0.967
7,865,0.9535
8,22,0.94075
9,19,0.97775
9,20,0.91025
9,389,0.911
9,447,0.97025
9,525,0.90325
9,609,0.96075
10,1,0.9995
10,2,1
10,19,0.97275
10,151,0.999
10,195,0.93
10,361,0.9605
10,406,0.97825
10,896,0.95525
11,323,0.903
11,614,0.9445
11,798,0.9735
11,800,0.98925
11,811,0.997
11,863,0.943
11,864,0.93275
11,865,0.95575
11,922,0.918
11,1119,0.97775
12,770,0.98475
12,958,0.9925
13,40,0.948
13,62,0.90375
13,63,0.971
13,64,0.9755
13,316,0.991
13,317,0.96525
13,589,0.9715
13,1007,0.977
14,133,0.977
14,135,0.95475
14,800,0.924
14,811,0.9805
14,1119,0.976
15,19,0.978
15,29,0.97575
15,132,0.911
15,784,0.9945
15,1001,0.99325
15,1005,0.9115
15,1006,0.9165
15,1043,0.9755
15,1044,0.998
16,187,0.992
16,258,0.925
16,423,0.9955
16,424,0.991
16,465,0.95175
16,469,0.9155
16,472,0.9405
16,510,0.90525
16,536,0.92725
16,595,0.9695
16,622,0.9955
16,634,0.9035
16,658,0.994
16,691,0.96475
16,741,0.99925
16,758,0.9485
16,981,0.9405
16,1084,0.96325
16,1085,0.98225
17,3,0.9805
17,10,0.9145
17,22,0.973
17,259,0.9665
17,574,0.93275
17,606,0.932
17,774,0.96625
17,864,0.9535
19,230,0.985
19,300,0.97325
19,332,0.97975
19,417,0.903
19,451,0.91075
19,455,0.9905
19,505,0.94325
19,901,0.9565
19,902,0.93075
19,920,0.9845
19,979,0.93675
19,1071,0.94975
20,19,0.94075
21,658,0.90775
22,300,0.9715
22,797,0.9105
22,903,0.99825
22,999,0.948
22,1000,0.968
23,19,0.9585
23,81,0.99875
23,82,0.9865
23,83,0.98975
23,195,0.9055
23,447,0.93375
23,510,0.9965
23,512,0.97675
23,997,0.93775
24,1035,0.9175
25,42,0.935
25,296,0.9135
25,297,0.9425
25,328,0.981
25,465,0.9125
25,610,0.9815
25,613,0.90175
25,640,0.969
25,747,0.951
25,846,0.915
26,912,0.996
27,26,0.952
27,203,0.907
27,235,0.98275
27,412,0.9595
27,439,0.97725
27,1062,0.9595
27,1116,0.94525
28,3,0.96175
28,21,0.92725
28,22,0.984
28,574,0.958
28,606,0.91825
28,774,0.92125
29,285,0.94475
29,287,0.9965
29,325,0.914
29,326,0.97025
29,420,0.931
29,535,0.98125
29,974,0.90325
29,982,0.91925
29,995,0.99075
29,996,0.9445
29,1090,0.99175
29,1091,0.96525
29,1092,0.993
29,1093,0.9035
29,1104,0.9865
30,212,0.9415
31,1010,0.94125
32,192,0.91075
32,240,0.96875
32,242,0.97275
32,243,0.94325
32,336,0.94475
32,337,0.99875
32,349,0.9255
32,419,0.997
32,420,0.97625
32,438,0.90875
32,468,0.95925
32,535,0.9065
32,536,0.939
32,547,0.90425
32,652,0.92575
32,714,0.913
32,742,0.95325
32,802,0.911
32,803,0.9045
32,886,0.98225
32,887,0.92775
32,889,0.9865
32,890,0.968
32,972,0.91
32,1027,0.99675
32,1028,0.97575
32,1051,0.91775
33,12,0.93375
34,61,0.97275
34,62,0.981
34,204,0.94525
34,278,0.907
34,497,0.92575
34,783,0.9525
34,1007,0.98475
35,107,0.9305
35,613,0.95125
35,846,0.9465
36,107,0.941
36,238,0.91525
36,268,0.939
36,292,0.97275
36,293,0.99075
36,323,0.91175
36,465,0.9315
36,601,0.905
36,682,0.901
36,747,0.9635
36,844,0.93
37,11,0.9455
37,972,0.92225
38,278,0.923
38,279,0.9365
38,439,0.9085
38,922,0.987
38,1004,0.955
39,201,0.952
39,439,0.98425
39,503,0.9855
39,1013,0.9935
39,1014,0.9975
39,1015,0.97575
39,1016,0.95025
39,1017,0.965
40,34,0.92075
40,107,0.9655
40,898,0.95725
40,939,0.96925
41,5,0.97175
41,109,0.955
41,380,0.90025
41,858,0.939
41,912,0.998
42,105,0.9405
42,268,0.91225
42,498,0.94625
42,1084,0.912
43,3,0.937
43,259,0.92175
43,350,0.972
43,508,0.948
43,564,0.938
43,608,0.909
43,774,0.9725
43,858,0.96175
44,19,0.97175
44,24,0.9885
44,94,0.93725
44,112,0.9995
44,245,0.9775
44,389,0.9875
44,390,0.96875
44,592,0.9585
44,631,0.997
44,1074,0.99225
44,1075,0.9995
44,1077,0.99025
45,141,0.939
45,286,0.93175
45,289,0.9745
45,373,0.94275
45,733,0.962
46,107,0.93025
46,1116,0.9865
47,267,0.913
47,268,0.9705
47,285,0.97475
47,300,0.98325
47,312,0.909
47,365,0.91175
47,465,0.969
47,468,0.9805
47,472,0.93125
47,473,0.93525
47,536,0.96975
47,547,0.90825
47,558,0.95475
47,634,0.92825
47,682,0.94375
47,683,0.9115
47,797,0.98475
47,806,0.9775
47,823,0.95925
47,824,0.9225
47,903,0.99475
47,972,0.93225
47,994,0.97275
47,1000,0.95725
47,1025,0.94525
47,1049,0.9535
47,1050,0.96475
47,1051,0.962
47,1084,0.93175
47,1085,0.93575
48,62,0.921
48,64,0.98475
48,186,0.96925
48,309,0.923
48,310,0.9955
48,543,0.962
48,693,0.98375
48,1007,0.9365
49,599,0.96675
49,614,0.94375
49,846,0.90025
50,192,0.967
50,220,0.9065
50,240,0.96825
50,242,0.9845
50,243,0.97275
50,248,0.963
50,268,0.98175
50,365,0.98025
50,446,0.916
50,465,0.98275
50,468,0.98975
50,469,0.93
50,498,0.957
50,536,0.985
50,554,0.91275
50,634,0.95375
50,689,0.9195
50,742,0.90025
50,758,0.9985
50,760,0.952
50,761,0.9355
50,789,0.9965
50,797,0.93375
50,972,0.982
50,994,0.996
50,999,0.9465
50,1045,0.91125
50,1049,0.97225
50,1050,0.98925
50,1051,0.99175
52,27,0.9785
52,759,0.94975
54,588,0.96825
54,589,0.914
55,687,0.942
55,923,0.9525
56,588,0.9655
57,335,0.97625
57,735,0.92525
57,858,0.973
58,121,0.96075
58,122,0.9395
58,614,0.9035
58,640,0.924
60,22,0.91775
60,113,0.96825
60,543,0.97175
60,623,0.95325
61,838,0.94725
61,850,0.9365
61,1070,0.96325
61,1082,0.9995
61,1083,0.9955
62,217,0.911
62,646,0.952
62,684,0.98875
62,687,0.94975
62,1010,0.913
63,230,0.93975
63,416,0.966
63,417,0.9105
63,505,0.97025
63,770,0.9925
63,958,0.996
65,332,0.93575
65,333,0.927
65,455,0.95875
65,533,0.94575
65,978,0.97625
65,980,0.95725
66,1087,0.967
68,599,0.93875
68,846,0.94425
68,907,0.9315
69,207,0.91275
69,230,0.9785
69,416,0.91025
69,417,0.93775
69,628,0.91875
69,1103,0.96125
70,19,0.924
70,146,0.974
70,255,0.90075
70,275,0.9805
70,276,0.92225
70,456,0.9035
70,458,0.94175
70,463,0.9655
70,522,0.92425
70,956,0.99725
70,1009,0.92425
70,1067,0.97825
70,1069,0.99675
70,1084,0.9645
70,1085,0.94125
71,195,0.93775
71,720,1
72,227,0.93175
73,22,0.974
73,1121,0.91825
74,201,0.9875
74,614,0.98575
74,863,0.9755
74,864,0.9895
74,865,0.98275
75,172,0.9435
76,280,0.9475
76,419,0.94025
76,420,0.974
76,860,0.944
76,861,0.97875
76,886,0.97075
76,887,0.99175
76,889,0.9545
76,890,0.992
77,684,0.99025
77,687,0.98475
78,478,0.91175
79,622,0.964
79,1031,0.921
80,204,0.9855
81,81,0.905
81,268,0.94275
81,269,0.99925
81,423,0.978
81,424,0.98575
81,510,0.97325
81,512,0.944
81,658,0.93
81,741,0.99575
81,981,0.9515
82,753,0.9945
82,846,0.90275
82,1116,0.9465
83,898,0.99125
85,625,0.928
85,774,0.91925
85,897,0.92675
86,235,0.9745
86,646,0.9135
87,589,0.96575
87,922,0.97
88,230,0.98325
88,417,0.95
88,879,0.95825
89,251,0.98925
89,525,0.9215
89,999,0.954
91,564,0.98075
92,1067,0.9985
92,1069,0.999
93,846,0.909
94,19,0.9905
94,20,0.9815
94,369,0.90725
94,447,0.98075
94,481,0.964
96,140,0.94675
96,143,0.957
96,169,0.90425
96,270,0.961
96,411,0.9315
96,806,0.957
96,936,0.96075
96,1084,0.9155
99,251,0.90075
99,258,0.972
99,798,0.97075
99,799,0.99025
99,800,0.9705
99,1119,0.986
126,545,0.8175
126,846,0.94
126,911,0.73825
127,122,0.80975
127,203,0.923
127,204,0.862
127,271,0.9595
127,402,0.7245
127,440,0.829
127,517,0.878
127,532,0.705
127,742,0.781
127,768,0.734
127,801,0.71575
127,828,0.90975
127,897,0.73775
127,909,0.77125
127,910,0.7045
127,1035,0.76325
127,1041,0.99925
127,1091,0.7205
127,1104,0.765
127,1116,0.7185
128,21,0.85625
128,22,0.96025
128,54,0.79575
128,107,0.9665
128,113,0.90275
128,122,0.723
128,212,0.857
128,299,0.77875
128,452,0.7255
128,605,0.97475
128,606,0.837
128,614,0.92125
128,742,0.736
128,864,0.74
128,1091,0.88475
129,100,0.89625
129,374,0.88225
129,588,0.9245
129,589,0.96525
129,694,0.74325
129,707,0.99825
129,742,0.797
129,807,0.85575
129,920,0.76325
129,933,0.71875
132,315,0.89
132,472,0.74575
132,798,0.8565
133,19,0.93225
133,20,0.73325
133,195,0.8115
133,447,0.8145
133,611,0.89725
133,646,0.74
133,694,0.887
133,807,0.70975
133,1032,0.91875
134,230,0.92075
134,417,0.87125
134,742,0.72675
134,1071,0.7145
135,251,0.89975
135,252,0.7075
135,258,0.8745
135,316,0.7715
135,395,0.7995
135,465,0.7535
135,480,0.8205
135,627,0.86975
135,742,0.8115
135,798,0.9885
135,800,0.97925
135,811,0.959
135,877,0.95625
135,878,0.917
135,971,0.75825
135,1119,0.93675
136,45,0.7225
136,46,0.8125
136,52,0.95525
136,57,0.82025
136,86,0.8345
136,192,0.97625
136,212,0.86325
136,218,0.819
136,240,0.933
136,242,0.828
136,243,0.84875
136,250,0.80175
136,267,0.7765
136,275,0.84675
136,276,0.87025
136,285,0.9655
136,287,0.98725
136,311,0.76575
136,325,0.816
136,336,0.91625
136,337,0.844
136,344,0.89025
136,351,0.9145
136,368,0.95525
136,377,0.81375
136,378,0.7445
136,393,0.84675
136,419,0.80175
136,420,0.97025
136,468,0.8685
136,532,0.863
136,535,0.9095
136,536,0.70925
136,552,0.83925
136,554,0.81025
136,620,0.72775
136,634,0.7195
136,637,0.81275
136,642,0.964
136,643,0.73775
136,652,0.8925
136,689,0.8
136,700,0.9195
136,710,0.95375
136,711,0.8455
136,739,0.851
136,742,0.959
136,743,0.7215
136,779,0.80975
136,780,0.73675
136,788,0.74975
136,802,0.7485
136,803,0.7135
136,886,0.9735
136,887,0.983
136,889,0.97475
136,890,0.9835
136,897,0.73425
136,951,0.8315
136,972,0.9005
136,974,0.8435
136,977,0.7585
136,981,0.795
136,982,0.911
136,995,0.95
136,999,0.7005
136,1012,0.8205
136,1024,0.80625
136,1051,0.807
136,1073,0.753
136,1090,0.981
136,1091,0.9825
136,1092,0.98725
136,1093,0.825
136,1104,0.971
137,299,0.77075
137,323,0.867
137,445,0.712
137,668,0.7185
137,731,0.78225
137,732,0.727
137,742,0.8045
137,806,0.7515
137,863,0.754
137,865,0.7815
137,1049,0.75275
137,1072,0.721
137,1084,0.76275
138,374,0.88175
138,414,0.73975
138,415,0.87225
138,588,0.83225
138,589,0.763
138,742,0.703
138,987,0.768
138,988,0.8135
138,989,0.85075
138,990,0.712
139,19,0.95575
139,132,0.75025
139,195,0.889
139,447,0.908
139,556,0.93575
139,609,0.91
139,694,0.932
139,742,0.72925
140,230,0.974
140,331,0.90775
140,332,0.72425
140,416,0.92
140,417,0.939
140,418,0.808
140,455,0.794
140,504,0.7065
140,505,0.91375
140,628,0.99875
140,742,0.7115
140,830,0.73675
140,920,0.7655
140,968,0.965
140,978,0.713
140,980,0.775
140,1071,0.8345
140,1103,0.9965
141,195,0.81425
141,220,0.7035
141,294,0.76225
141,300,0.939
141,301,0.893
141,445,0.70325
141,468,0.9085
141,558,0.7875
141,682,0.79275
141,683,0.725
141,742,0.757
141,789,0.7685
141,797,0.71725
141,823,0.7305
141,903,0.87575
141,991,0.97875
141,994,0.85175
141,999,0.8405
141,1025,0.916
141,1049,0.7625
141,1050,0.907
141,1051,0.87675
142,164,0.924
142,165,0.9905
142,181,0.738
142,220,0.808
142,230,0.81175
142,247,0.98675
142,248,0.98525
142,350,0.8915
142,388,0.82875
142,490,0.813
142,603,0.7685
142,608,0.946
142,614,0.73775
142,742,0.74675
142,863,0.73675
142,864,0.7575
142,1051,0.7395
143,451,0.96775
143,742,0.812
143,901,0.73725
143,902,0.95325
143,1018,0.8135
144,54,0.96
144,76,0.81175
144,81,0.7605
144,86,0.7465
144,94,0.8985
144,212,0.9325
144,270,0.82925
144,325,0.80325
144,351,0.93725
144,368,0.892
144,443,0.77775
144,466,0.7165
144,471,0.7955
144,487,0.76175
144,512,0.7665
144,520,0.89325
144,557,0.90425
144,610,0.96975
144,613,0.90825
144,634,0.84475
144,639,0.922
144,640,0.8785
144,641,0.7615
144,666,0.79075
144,691,0.782
144,710,0.9665
144,733,0.7285
144,742,0.7175
144,845,0.77575
144,972,0.84875
144,981,0.95075
144,982,0.9645
144,995,0.9115
144,1090,0.9115
144,1091,0.85
144,1104,0.83725
145,402,0.787
145,464,0.7305
145,587,0.8695
145,742,0.78675
145,798,0.78725
145,800,0.72375
145,948,0.75375
145,1020,0.803
145,1047,0.751
145,1073,0.763
146,414,0.83375
146,415,0.70325
146,684,0.82125
146,742,0.77375
146,807,0.75075
146,920,0.812
146,1014,0.7835
147,19,0.86075
147,20,0.716
147,29,0.7105
147,43,0.83375
147,132,0.8635
147,195,0.7355
147,355,0.796
147,414,0.8
147,415,0.89525
147,620,0.7205
147,663,0.8925
147,664,0.9435
147,680,0.716
147,742,0.784
147,919,0.74375
147,920,0.84125
147,933,0.729
147,951,0.89925
147,956,0.72475
147,979,0.84925
147,998,0.72875
149,201,0.87425
149,299,0.90325
149,374,0.862
149,388,0.85375
149,439,0.70575
149,450,0.88025
149,613,0.879
149,614,0.9485
149,742,0.724
149,807,0.74975
149,863,0.91775
149,864,0.97125
149,865,0.97525
149,1003,0.82725
150,76,0.864
150,122,0.82375
150,557,0.94125
150,601,0.91575
150,618,0.77625
150,639,0.981
150,640,0.89
150,671,0.9895
150,845,0.92825
150,937,0.89625
151,19,0.9635
151,20,0.89125
151,81,0.90425
151,82,0.787
151,83,0.819
151,255,0.85175
151,382,0.83125
151,389,0.82425
151,447,0.91025
151,452,0.70825
151,481,0.9125
151,482,0.8975
151,510,0.978
151,512,0.94825
151,742,0.72275
151,841,0.878
151,981,0.88175
151,1070,0.895
151,1084,0.7855
151,1085,0.70425
152,107,0.85275
152,423,0.71
152,426,0.8125
152,731,0.92875
152,742,0.72575
152,801,0.854
152,911,0.803
152,981,0.891
153,145,0.784
153,522,0.913
153,742,0.7735
153,956,0.81125
153,991,0.81
153,1067,0.99725
153,1069,0.9975
154,451,0.8055
154,646,0.753
154,684,0.95825
154,687,0.89175
154,742,0.8175
154,901,0.9355
154,902,0.9315
155,169,0.77025
155,368,0.74225
155,540,0.87925
155,557,0.72625
155,575,0.83325
155,640,0.7715
155,956,0.712
155,995,0.76675
155,1029,0.7745
155,1084,0.82575
155,1089,0.81325
155,1104,0.7745
156,9,0.9625
156,13,0.81925
156,94,0.96075
156,201,0.95225
156,230,0.95925
156,278,0.788
156,279,0.918
156,299,0.791
156,387,0.86325
156,388,0.95425
156,415,0.815
156,417,0.85975
156,439,0.89675
156,445,0.75275
156,450,0.85425
156,452,0.85925
156,455,0.74675
156,464,0.76275
156,469,0.8195
156,471,0.89825
156,490,0.83175
156,505,0.78175
156,613,0.71675
156,614,0.936
156,717,0.8495
156,742,0.78125
156,777,0.71475
156,863,0.811
156,864,0.955
156,865,0.98675
156,920,0.7635
156,1003,0.9225
156,1071,0.79375
156,1102,0.806
157,21,0.7925
157,22,0.9625
157,43,0.919
157,107,0.97425
157,113,0.92825
157,132,0.78825
157,153,0.81
157,396,0.9375
157,742,0.739
157,823,0.7645
157,886,0.89525
157,887,0.982
157,889,0.94625
157,890,0.943
157,945,0.749
157,951,0.77425
157,999,0.75425
158,133,0.88625
158,134,0.872
158,600,0.8415
158,779,0.8075
160,128,0.8475
160,195,0.90775
160,393,0.8255
160,472,0.87375
160,587,0.9415
160,682,0.79125
160,689,0.774
160,700,0.9765
160,711,0.75825
160,712,0.99
160,742,0.75
160,766,0.77375
160,789,0.89375
160,911,0.9005
160,999,0.8155
160,1025,0.7005
160,1049,0.721
160,1051,0.8545
161,138,0.74075
161,230,0.85275
161,238,0.7165
161,316,0.77475
161,323,0.943
161,324,0.845
161,338,0.75275
161,365,0.9705
161,387,0.8785
161,388,0.95425
161,412,0.714
161,425,0.87875
161,426,0.9055
161,439,0.715
161,445,0.88625
161,446,0.816
161,464,0.7035
161,465,0.983
161,467,0.70575
161,468,0.722
161,469,0.79375
161,490,0.80025
161,497,0.844
161,536,0.7835
161,614,0.815
161,645,0.75175
161,646,0.82875
161,742,0.8085
161,745,0.94725
161,746,0.98325
161,747,0.976
161,750,0.90175
161,756,0.97325
161,758,0.9875
161,759,0.8085
161,761,0.96675
161,830,0.8315
161,844,0.7075
161,846,0.90275
161,863,0.86175
161,864,0.881
161,865,0.937
161,875,0.85125
161,900,0.79575
161,1003,0.79625
161,1035,0.84975
161,1062,0.75475
161,1072,0.709
161,1122,0.81525
162,146,0.757
162,168,0.73675
162,169,0.8725
162,258,0.77125
162,268,0.98875
162,269,0.76225
162,331,0.92525
162,422,0.8695
162,423,0.99525
162,424,0.993
162,452,0.89725
162,463,0.79925
162,475,0.8175
162,493,0.72975
162,507,0.905
162,512,0.7135
162,622,0.97
162,658,0.94825
162,668,0.812
162,741,0.98625
162,742,0.79575
162,833,0.77125
162,844,0.7705
162,979,0.899
162,981,0.98225
162,982,0.80125
162,1082,0.74075
162,1084,0.92775
162,1085,0.9545
162,1089,0.86025
163,268,0.91725
163,269,0.816
163,323,0.709
163,475,0.7685
163,498,0.719
163,646,0.7835
163,658,0.76175
163,1051,0.737
165,393,0.7645
165,731,0.92975
165,815,0.88675
166,19,0.9535
166,20,0.85175
166,195,0.97375
166,251,0.8795
166,382,0.78225
166,447,0.877
166,451,0.923
166,858,0.9395
166,901,0.7065
166,902,0.80975
166,971,0.75525
167,87,0.986
167,88,0.9855
167,176,0.78875
167,276,0.75875
167,298,0.7525
167,742,0.77575
167,801,0.78975
167,933,0.7145
167,1104,0.8565
168,733,0.914
168,742,0.7735
168,828,0.742
169,371,0.7005
169,493,0.8185
169,557,0.88675
169,596,0.961
169,805,0.8425
169,828,0.83825
169,846,0.7955
169,948,0.91925
169,1116,0.748
171,22,0.71975
171,121,0.80675
171,162,0.72575
171,445,0.71775
171,673,0.9665
171,742,0.76325
171,971,0.70575
171,998,0.759
171,1090,0.7105
171,1091,0.77075
171,1092,0.721
172,374,0.7135
172,523,0.83675
172,807,0.73375
173,50,0.90475
173,128,0.93275
173,141,0.733
173,169,0.706
173,181,0.84525
173,220,0.79525
173,255,0.71225
173,258,0.81425
173,268,0.96825
173,269,0.81925
173,286,0.83325
173,289,0.90575
173,302,0.77225
173,323,0.749
173,354,0.74
173,423,0.913
173,424,0.91625
173,445,0.769
173,446,0.77
173,452,0.8525
173,464,0.7645
173,465,0.756
173,467,0.83175
173,468,0.90775
173,469,0.85325
173,498,0.8345
173,510,0.893
173,525,0.87125
173,553,0.79325
173,587,0.97775
173,622,0.9495
173,646,0.737
173,658,0.89925
173,700,0.74975
173,712,0.77625
173,741,0.98725
173,742,0.84525
173,787,0.72225
173,789,0.94375
173,994,0.79275
173,999,0.87125
173,1000,0.7795
173,1025,0.85275
173,1049,0.86325
173,1050,0.96225
173,1051,0.9625
173,1070,0.75525
173,1084,0.8335
173,1085,0.7125
174,29,0.8855
174,107,0.85125
174,132,0.82775
174,445,0.71775
174,742,0.72175
174,774,0.83625
174,1001,0.98025
174,1005,0.7025
174,1006,0.71575
175,105,0.7045
175,115,0.72
175,167,0.823
175,423,0.8575
175,424,0.76175
175,498,0.89425
175,702,0.798
175,741,0.77775
175,742,0.74525
175,857,0.72025
176,128,0.755
176,243,0.81
176,251,0.83125
176,360,0.9435
176,468,0.832
176,472,0.729
176,558,0.72175
176,597,0.75725
176,598,0.73925
176,625,0.94275
176,627,0.793
176,682,0.73675
176,683,0.73225
176,689,0.76825
176,712,0.78825
176,726,0.98925
176,731,0.9305
176,742,0.74925
176,789,0.99475
176,797,0.814
176,801,0.85
176,905,0.73325
176,907,0.82025
176,911,0.9675
176,994,0.9515
176,999,0.85325
176,1000,0.81775
176,1025,0.765
176,1049,0.958
176,1050,0.93275
176,1051,0.98725
177,61,0.78875
177,62,0.9375
177,244,0.74875
177,278,0.84
177,279,0.80975
177,374,0.852
177,702,0.73325
177,742,0.7105
177,971,0.90075
177,1007,0.97025
178,299,0.78025
178,323,0.8575
178,324,0.75575
178,365,0.75575
178,384,0.96575
178,445,0.7655
178,465,0.871
178,469,0.763
178,553,0.7175
178,585,0.70725
178,646,0.876
178,742,0.77
178,768,0.80375
178,922,0.999
178,931,0.81625
178,1035,0.702
179,75,0.8385
179,76,0.739
179,122,0.83225
179,138,0.849
179,143,0.806
179,162,0.7735
179,168,0.74075
179,169,0.86425
179,179,0.743
179,192,0.7025
179,212,0.831
179,270,0.8245
179,292,0.70925
179,302,0.707
179,323,0.76975
179,348,0.7035
179,351,0.79675
179,368,0.85425
179,423,0.72975
179,424,0.7515
179,443,0.76
179,463,0.82175
179,478,0.87425
179,524,0.78475
179,536,0.77725
179,557,0.7255
179,575,0.8845
179,601,0.90875
179,610,0.97525
179,634,0.95975
179,639,0.96225
179,640,0.987
179,641,0.78625
179,715,0.7365
179,733,0.812
179,742,0.73025
179,845,0.73475
179,846,0.73875
179,972,0.75725
179,981,0.78425
179,1021,0.975
179,1029,0.88275
179,1070,0.83325
179,1084,0.92325
179,1085,0.98
179,1090,0.82025
179,1091,0.77075
179,1104,0.85925
180,22,0.78975
180,107,0.92575
180,113,0.71975
180,258,0.81775
180,742,0.79125
180,798,0.982
180,800,0.989
180,811,0.8555
180,1119,0.9965
181,614,0.763
181,855,0.74175
182,203,0.8135
182,235,0.77375
182,292,0.7545
182,387,0.70975
182,388,0.79525
182,442,0.96675
182,497,0.72825
182,646,0.794
182,742,0.76075
182,900,0.7845
182,1035,0.877
183,190,0.8405
183,540,0.8285
183,581,0.88875
183,583,0.9875
183,846,0.70525
183,847,0.8445
183,1116,0.70175
184,302,0.74225
184,360,0.881
184,625,0.73025
184,727,0.77575
184,731,0.9845
184,801,0.94125
184,846,0.93125
184,858,0.9585
184,907,0.7745
184,1116,0.8505
185,540,0.79575
185,702,0.84775
185,931,0.994
187,1051,0.72275
187,1091,0.78075
188,425,0.9945
188,426,0.9905
188,490,0.82525
188,517,0.80825
188,518,0.96375
188,613,0.90325
188,614,0.75375
188,828,0.91575
188,846,0.94
188,863,0.76
188,864,0.858
188,865,0.88725
188,967,0.7365
189,176,0.89375
189,316,0.749
189,333,0.854
189,529,0.7255
189,594,0.72975
189,742,0.7165
189,807,0.795
190,175,0.82125
190,230,0.88175
190,323,0.84675
190,331,0.942
190,354,0.828
190,481,0.7835
190,510,0.82675
190,628,0.99675
190,735,0.8315
190,742,0.78975
190,968,0.8725
190,1051,0.78175
190,1103,0.99325
191,323,0.97
191,424,0.734
191,507,0.895
191,742,0.7025
191,801,0.762
191,975,0.95725
192,29,0.89475
192,204,0.89
192,304,0.849
192,374,0.9255
192,588,0.90325
192,589,0.78325
192,742,0.805
192,807,0.91725
193,22,0.74575
193,173,0.972
193,182,0.924
193,257,0.99175
193,258,0.83925
193,315,0.967
193,472,0.94375
193,742,0.74925
193,798,0.94225
193,800,0.97225
193,818,0.8415
193,876,0.72925
193,936,0.90375
193,1118,0.84125
194,205,0.955
194,520,0.939
194,614,0.7475
195,29,0.71975
195,43,0.9375
195,101,0.72125
195,111,0.992
195,132,0.962
195,374,0.70625
195,396,0.84125
195,406,0.77625
195,419,0.9665
195,420,0.939
195,630,0.73975
195,742,0.83325
195,807,0.733
195,860,0.95925
195,861,0.81625
195,886,0.9815
195,887,0.99575
195,889,0.99375
195,890,0.99575
195,904,0.87375
195,920,0.723
195,942,0.9965
195,943,0.9805
195,944,0.92225
195,945,0.94775
195,951,0.9745
195,1012,0.728
195,1028,0.80475
196,105,0.80675
196,169,0.7775
196,195,0.80075
196,302,0.7625
196,374,0.76175
196,378,0.73075
196,424,0.70425
196,452,0.7075
196,575,0.74025
196,613,0.81725
196,614,0.7505
196,720,0.7025
196,742,0.90975
196,807,0.70875
196,829,0.7105
196,863,0.75725
196,913,0.855
196,937,0.769
196,971,0.7645
196,999,0.7235
196,1070,0.87125
196,1073,0.84875
196,1084,0.86025
196,1085,0.94425
197,19,0.84125
197,81,0.95675
197,82,0.826
197,195,0.85125
197,251,0.95875
197,258,0.74275
197,386,0.79925
197,609,0.805
197,997,0.75325
197,1025,0.7175
198,128,0.72575
198,181,0.7805
198,192,0.90725
198,220,0.88575
198,240,0.9375
198,242,0.929
198,243,0.95075
198,247,0.98625
198,248,0.9675
198,251,0.87175
198,302,0.9115
198,351,0.84775
198,361,0.717
198,365,0.82275
198,446,0.754
198,465,0.9335
198,468,0.91425
198,472,0.8355
198,498,0.7985
198,550,0.71625
198,554,0.75175
198,627,0.79775
198,689,0.94625
198,742,0.78775
198,743,0.789
198,766,0.725
198,788,0.876
198,789,0.98125
198,897,0.776
198,972,0.8245
198,981,0.80975
198,994,0.8135
198,997,0.70425
198,999,0.86025
198,1000,0.821
198,1025,0.839
198,1045,0.91
198,1049,0.94475
198,1050,0.90475
198,1051,0.987
198,1091,0.70725
198,1104,0.75125
199,35,0.799
199,201,0.76425
199,292,0.8035
199,299,0.86025
199,348,0.71075
199,439,0.87775
199,538,0.93225
199,601,0.8915
199,613,0.83025
199,614,0.973
199,742,0.72875
199,849,0.8315
199,863,0.83675
199,864,0.918
199,865,0.763
199,872,0.72425
199,900,0.8815
199,1011,0.91375
199,1035,0.898
200,94,0.872
200,192,0.78825
200,302,0.86275
200,303,0.951
200,354,0.70075
200,356,0.7045
200,540,0.761
200,550,0.90775
200,640,0.7
200,704,0.8265
200,705,0.7295
200,742,0.73825
200,846,0.805
200,1008,0.72075
201,175,0.75625
201,742,0.7375
201,745,0.85725
201,854,0.7255
201,855,0.94975
201,901,0.727
201,902,0.8325
202,230,0.70325
202,742,0.731
203,116,0.88075
203,258,0.837
203,324,0.727
203,384,0.9535
203,465,0.755
203,579,0.9005
203,742,0.81925
203,844,0.77725
203,959,0.973
204,251,0.72225
204,472,0.7645
204,597,0.814
204,598,0.73025
204,712,0.84775
204,727,0.72775
204,731,0.89625
204,858,0.92025
204,999,0.85775
204,1000,0.79475
204,1025,0.8205
204,1049,0.70475
204,1051,0.861
207,28,0.859
207,47,0.9525
207,128,0.79325
207,212,0.76575
207,229,0.72025
207,240,0.838
207,299,0.80025
207,323,0.70625
207,351,0.8025
207,368,0.761
207,478,0.7095
207,557,0.7775
207,610,0.8335
207,613,0.8065
207,640,0.792
207,733,0.92875
207,742,0.71525
207,771,0.7745
207,846,0.8965
207,907,0.76175
207,911,0.754
207,947,0.93175
207,948,0.97125
207,972,0.78
207,981,0.814
207,1051,0.875
207,1116,0.80275
208,220,0.83
208,240,0.805
208,242,0.84125
208,243,0.708
208,269,0.77575
208,300,0.94675
208,302,0.72525
208,341,0.96425
208,351,0.75075
208,464,0.7655
208,465,0.768
208,468,0.89225
208,469,0.76225
208,554,0.725
208,558,0.927
208,612,0.703
208,683,0.7745
208,689,0.878
208,700,0.76225
208,735,0.703
208,742,0.85525
208,789,0.854
208,815,0.96575
208,829,0.782
208,972,0.8115
208,997,0.77425
208,1008,0.73325
208,1045,0.83125
208,1049,0.70525
208,1051,0.82725
209,25,0.84025
209,143,0.83275
209,164,0.781
209,168,0.854
209,169,0.912
209,312,0.7115
209,329,0.94025
209,330,0.7715
209,331,0.78625
209,335,0.81375
209,473,0.707
209,475,0.7745
209,493,0.7965
209,608,0.8585
209,742,0.73325
209,1084,0.8885
209,1085,0.93275
209,1089,0.7595
209,1117,0.82475
210,21,0.711
210,22,0.76725
210,29,0.86875
210,154,0.73925
210,204,0.76175
210,374,0.856
210,415,0.714
210,588,0.76925
210,742,0.73825
210,951,0.8635
210,971,0.85875
211,23,0.94225
211,29,0.94575
211,108,0.95925
211,114,0.8245
211,234,0.94
211,371,0.833
211,377,0.91025
211,378,0.80625
211,389,0.8825
211,502,0.70475
211,590,0.89075
211,623,0.753
211,638,0.91175
211,742,0.8075
211,825,0.811
211,863,0.8845
211,919,0.71725
211,951,0.8145
211,990,0.81575
211,1101,0.7435
212,613,0.814
212,771,0.77925
212,846,0.96975
212,864,0.8125
212,867,0.72125
212,1116,0.92625
215,373,0.87625
215,533,0.763
215,742,0.74475
215,770,0.882
215,792,0.757
215,878,0.76425
215,933,0.79675
216,614,0.76725
216,742,0.70975
216,863,0.723
216,864,0.84275
216,865,0.96275
216,913,0.77425
217,230,0.869
217,374,0.786
217,594,0.7255
217,742,0.7935
217,919,0.7025
217,920,0.84475
217,967,0.78275
217,978,0.7405
218,251,0.80075
218,252,0.8405
218,292,0.78925
218,315,0.76875
218,329,0.71175
218,331,0.7965
218,408,0.8535
218,613,0.939
218,733,0.73325
218,742,0.70475
218,797,0.7315
218,862,0.74075
218,985,0.792
219,540,0.719
220,19,0.95575
220,20,0.748
220,195,0.8475
220,389,0.97325
220,390,0.8135
220,447,0.846
220,520,0.91825
220,592,0.9895
220,631,0.998
221,143,0.77375
221,270,0.9735
221,351,0.9295
221,368,0.721
221,443,0.9925
221,557,0.81675
221,600,0.78625
221,601,0.9495
221,610,0.78025
221,639,0.98625
221,640,0.84775
221,779,0.72175
221,845,0.78675
221,985,0.897
221,1008,0.728
222,122,0.834
222,203,0.72275
222,212,0.76575
222,240,0.7685
222,323,0.77225
222,324,0.825
222,384,0.95025
222,385,0.8835
222,402,0.9075
222,452,0.76975
222,493,0.7935
222,640,0.7385
222,646,0.9115
222,671,0.986
222,742,0.84325
222,753,0.90775
222,805,0.718
222,844,0.87125
222,972,0.8335
222,1092,0.82825
223,141,0.89
223,270,0.711
223,286,0.814
223,289,0.79825
223,735,0.78075
223,742,0.84625
223,876,0.7335
224,43,0.99925
224,44,0.89875
224,45,0.96275
224,84,0.9105
224,97,0.7995
224,100,0.82025
224,222,0.83
224,264,0.84475
224,396,0.889
224,406,0.7715
224,521,0.81425
224,630,0.9835
224,731,0.84925
224,742,0.78925
224,792,0.77825
224,808,0.73
224,886,0.767
224,887,0.9105
224,889,0.7365
224,890,0.8495
224,902,0.71625
224,910,0.72225
224,920,0.7185
224,933,0.722
224,942,0.8495
224,951,0.8955
224,956,0.84875
225,106,0.91375
225,406,0.768
225,543,0.90475
225,654,0.745
225,702,0.78875
225,742,0.7525
225,807,0.7125
225,959,0.9005
226,230,0.8435
226,332,0.71675
226,417,0.74875
226,472,0.81375
226,742,0.8165
226,770,0.82475
226,787,0.76625
226,807,0.73575
226,1084,0.71
227,315,0.7415
227,526,0.78025
227,557,0.723
227,578,0.99375
227,687,0.96275
227,703,0.8585
227,742,0.716
227,769,0.87175
228,19,0.97225
228,20,0.926
228,230,0.90875
228,389,0.8115
228,415,0.712
228,447,0.88275
228,481,0.79825
228,510,0.98575
228,512,0.9015
228,841,0.83325
228,1070,0.704
229,29,0.863
229,34,0.966
229,584,0.9755
229,951,0.76275
230,19,0.88225
230,20,0.7785
230,183,0.848
230,195,0.95575
230,386,0.81775
230,447,0.91175
230,702,0.76825
230,742,0.70475
230,807,0.71075
230,854,0.74825
230,1101,0.73075
231,387,0.816
231,388,0.8865
231,412,0.825
231,452,0.7045
231,646,0.84425
231,931,0.99025
231,1023,0.8255
231,1062,0.8655
232,81,0.814
232,402,0.918
232,424,0.7555
232,794,0.8875
232,868,0.906
232,869,0.932
233,613,0.71725
233,742,0.78925
233,846,0.82225
233,1035,0.88675
234,21,0.85075
234,22,0.9915
234,107,0.97075
234,113,0.941
234,152,0.822
234,153,0.73875
234,154,0.75775
234,364,0.76
234,445,0.79125
234,465,0.77025
234,606,0.89375
234,646,0.739
234,742,0.705
234,844,0.73975
234,971,0.73975
235,201,0.814
235,299,0.916
235,326,0.81675
235,341,0.75125
235,388,0.812
235,613,0.8845
235,614,0.821
235,863,0.91325
235,864,0.945
236,138,0.83025
236,257,0.862
236,412,0.83075
236,529,0.79075
236,544,0.70125
236,602,0.7375
236,610,0.77675
236,736,0.9215
236,742,0.73875
236,829,0.86925
236,877,0.74775
236,878,0.7815
236,936,0.775
236,1062,0.898
236,1116,0.745
236,1118,0.99075
237,19,0.78775
237,70,0.87725
237,84,0.9885
237,101,0.7625
237,132,0.98825
237,188,0.87825
237,308,0.97375
237,334,0.7225
237,345,0.77675
237,349,0.99725
237,396,0.95075
237,420,0.81575
237,445,0.73575
237,630,0.82125
237,692,0.94925
237,694,0.994
237,742,0.725
237,777,0.71275
237,788,0.7065
237,807,0.71625
237,811,0.7165
237,870,0.819
237,881,0.7365
237,886,0.92225
237,887,0.97325
237,888,0.9045
237,889,0.9735
237,890,0.9795
237,942,0.9925
237,943,0.75975
237,945,0.85125
237,951,0.98275
237,998,0.84925
237,1012,0.7875
238,22,0.9045
238,107,0.7255
238,154,0.70625
238,195,0.80525
238,374,0.88775
238,445,0.71825
238,742,0.77675
238,920,0.831
238,971,0.78475
239,230,0.707
239,742,0.70825
239,807,0.828
239,967,0.73675
240,30,0.72225
240,335,0.95975
240,376,0.908
240,425,0.907
240,517,0.7335
240,518,0.7695
240,539,0.70775
240,742,0.7445
240,846,0.78225
240,897,0.80225
240,1092,0.71625
241,46,0.706
241,203,0.73575
241,378,0.83525
241,383,0.7875
241,412,0.9615
241,452,0.74825
241,468,0.74225
241,540,0.79375
241,625,0.78375
241,742,0.81625
241,801,0.90675
241,846,0.77075
241,897,0.7075
241,936,0.75
241,972,0.7385
241,1062,0.91775
241,1104,0.76
242,62,0.796
242,63,0.92525
242,64,0.99125
242,186,0.9805
242,309,0.762
242,310,0.94375
242,322,0.7545
242,1007,0.83325
243,19,0.9
243,97,0.79175
243,98,0.787
243,100,0.816
243,132,0.96
243,188,0.7355
243,195,0.7635
243,304,0.78875
243,308,0.83125
243,334,0.80825
243,521,0.824
243,594,0.70225
243,663,0.8685
243,664,0.919
243,694,0.90725
243,705,0.83875
243,742,0.80425
243,807,0.76325
243,881,1
243,887,0.8375
243,933,0.81
243,951,0.967
244,258,0.7355
244,408,0.733
244,472,0.71975
244,507,0.83575
244,556,0.97175
244,742,0.79575
244,798,0.99325
244,799,0.86325
244,800,0.9905
244,877,0.84925
244,878,0.8635
244,936,0.7105
244,1119,0.836
245,21,0.76775
245,22,0.9785
245,25,0.8855
245,107,0.95875
245,113,0.9265
245,192,0.79425
245,270,0.84975
245,275,0.86575
245,329,0.991
245,330,0.96725
245,331,0.9905
245,438,0.78
245,443,0.8105
245,452,0.84575
245,465,0.7015
245,487,0.9655
245,547,0.9055
245,582,0.7545
245,595,0.816
245,605,0.93575
245,628,0.96775
245,691,0.92775
245,742,0.84925
245,820,0.9575
245,855,0.7515
245,936,0.916
245,968,0.74375
245,972,0.71425
245,995,0.95475
245,996,0.7135
245,1091,0.7225
245,1103,0.92975
245,1104,0.94575
245,1122,0.7615
246,282,0.72
246,289,0.771
246,425,0.8815
246,426,0.94325
246,452,0.7465
246,465,0.749
246,544,0.76425
246,691,0.78575
246,742,0.82
246,828,0.7595
246,846,0.91675
246,876,0.84425
246,911,0.7165
246,1114,0.75275
247,97,0.875
247,507,0.95825
247,792,0.76825
247,933,0.729
248,230,0.9335
248,332,0.7065
248,416,0.81475
248,417,0.81375
248,505,0.7115
248,533,0.77675
248,879,0.8435
248,926,0.7665
248,980,0.731
248,1071,0.77
249,201,0.91875
249,439,0.88275
249,490,0.82675
249,614,0.7655
249,863,0.85325
249,864,0.88025
249,865,0.84625
249,900,0.704
249,931,0.9505
249,1035,0.707
250,130,0.7705
250,143,0.9135
250,212,0.80925
250,240,0.8855
250,268,0.84825
250,270,0.95875
250,285,0.81975
250,300,0.949
250,302,0.70325
250,319,0.748
250,351,0.74725
250,402,0.78525
250,478,0.881
250,526,0.7785
250,553,0.82475
250,558,0.925
250,640,0.77825
250,666,0.854
250,668,0.90175
250,682,0.9485
250,683,0.8105
250,689,0.708
250,712,0.9255
250,742,0.90025
250,766,0.72875
250,795,0.76925
250,796,0.7025
250,797,0.9845
250,823,0.91325
250,824,0.8185
250,848,0.70325
250,849,0.72525
250,903,0.71025
250,999,0.833
250,1000,0.8695
250,1020,0.92725
250,1025,0.8225
250,1073,0.71075
251,335,0.7745
252,145,0.879
252,169,0.8895
252,267,0.8715
252,287,0.9465
252,456,0.79125
252,522,0.8735
252,524,0.7045
252,601,0.7245
252,644,0.70375
252,742,0.8475
252,821,0.81125
252,823,0.72725
252,903,0.98975
252,910,0.791
252,956,0.963
252,981,0.89225
252,991,0.796
252,995,0.8615
252,1049,0.73125
252,1050,0.71225
252,1085,0.70625
253,28,0.8475
253,128,0.77225
253,195,0.7145
253,196,0.84525
253,268,0.8515
253,472,0.7835
253,511,0.932
253,682,0.93525
253,683,0.774
253,742,0.75525
253,787,0.74
253,789,0.761
253,797,0.8285
253,849,0.956
253,999,0.892
253,1000,0.9485
253,1020,0.7525
253,1025,0.87925
253,1051,0.90475
254,72,0.768
254,383,0.97075
254,433,0.76375
254,684,0.841
254,687,0.74875
255,19,0.7075
255,29,0.94175
255,195,0.76725
255,230,0.81525
255,415,0.74725
255,568,0.9435
255,807,0.78475
255,863,0.93425
255,864,0.819
255,865,0.9095
255,973,0.9905
256,26,0.70925
256,197,0.955
256,415,0.835
256,427,0.87775
256,428,0.993
256,439,0.7175
256,452,0.87475
256,503,0.99675
256,701,0.7775
256,777,0.795
256,967,0.91925
256,1013,0.99775
256,1014,0.99925
256,1015,0.963
256,1016,0.97525
256,1017,0.98625
256,1086,0.813
257,28,0.8715
257,107,0.835
257,259,0.7225
257,405,0.75175
257,605,0.722
257,742,0.77525
257,769,0.76425
257,774,0.79975
258,25,0.93275
258,75,0.8735
258,78,0.857
258,79,0.90375
258,328,0.7055
258,329,0.847
258,330,0.83525
258,331,0.89475
258,499,0.74125
258,540,0.77975
258,557,0.92
258,599,0.92225
258,610,0.7325
258,640,0.86125
258,771,0.71275
258,846,0.956
258,1116,0.81275
259,350,0.76575
259,439,0.75225
259,614,0.731
259,846,0.795
259,1098,0.9475
259,1116,0.98325
259,1121,0.84675
259,1126,0.816
260,121,0.832
260,298,0.769
260,346,0.903
260,613,0.74775
260,614,0.70225
260,720,0.713
260,742,0.72225
260,771,0.83575
260,1033,0.70675
260,1064,0.799
260,1092,0.782
261,54,0.851
261,122,0.8695
261,203,0.8735
261,204,0.88775
261,212,0.71075
261,270,0.79275
261,376,0.771
261,402,0.91125
261,443,0.71475
261,496,0.896
261,497,0.76725
261,557,0.81675
261,559,0.96525
261,567,0.908
261,639,0.7645
261,640,0.764
261,649,0.77125
261,753,0.72825
261,791,0.7065
261,805,0.94675
261,923,0.8325
261,936,0.70625
261,972,0.837
261,1035,0.81825
262,178,0.723
262,315,0.778
262,425,0.826
262,517,0.93225
263,299,0.84025
263,302,0.721
263,341,0.89775
263,356,0.7365
263,388,0.7525
263,425,0.73375
263,452,0.855
263,540,0.813
263,544,0.79825
263,613,0.86575
263,614,0.86825
263,742,0.802
263,846,0.801
263,863,0.86475
263,864,0.9625
263,865,0.9295
263,1003,0.9325
263,1062,0.709
263,1123,0.7255
264,461,0.7495
264,540,0.7295
264,742,0.7845
264,876,0.70675
265,79,0.78425
265,138,0.73275
265,192,0.752
265,291,0.9005
265,302,0.7315
265,368,0.88225
265,452,0.80425
265,529,0.85375
265,540,0.91125
265,544,0.758
265,550,0.76975
265,640,0.70875
265,646,0.78425
265,742,0.8655
265,779,0.71325
265,801,0.72275
265,812,0.74375
265,829,0.94325
265,972,0.717
265,982,0.8915
265,1008,0.779
265,1062,0.74725
265,1104,0.81775
265,1123,0.8875
267,303,0.72075
267,646,0.715
267,742,0.83925
267,829,0.726
267,846,0.81475
268,62,0.72675
268,63,0.94325
268,64,0.98575
268,186,0.93
268,203,0.812
268,204,0.88
268,205,0.7435
268,244,0.841
268,271,0.72025
268,277,0.70075
268,278,0.76075
268,309,0.91725
268,310,0.995
268,371,0.804
268,374,0.8785
268,439,0.7355
268,445,0.842
268,449,0.736
268,464,0.77125
268,497,0.72
268,500,0.78625
268,588,0.824
268,589,0.801
268,686,0.816
268,742,0.7295
268,967,0.71
268,971,0.7515
269,146,0.749
269,169,0.90975
269,452,0.8225
269,507,0.72725
269,1084,0.7685
270,19,0.784
270,43,0.92625
270,45,0.9415
270,66,0.723
270,111,0.87925
270,132,0.81875
270,195,0.75625
270,251,0.978
270,396,0.81425
270,406,0.754
270,407,0.922
270,419,0.87375
270,445,0.70625
270,690,0.7105
270,742,0.7995
270,886,0.91375
270,887,0.9755
270,889,0.9495
270,890,0.96875
270,904,0.97975
270,942,0.73875
270,951,0.79175
270,999,0.75
271,255,0.70125
271,382,0.80275
271,423,0.99375
271,424,0.98075
271,452,0.75
271,510,0.74825
271,512,0.7575
271,562,0.8255
271,563,0.99675
271,564,0.98
271,658,0.887
271,741,0.8465
271,742,0.746
271,1051,0.84275
272,61,0.974
272,62,0.9965
272,204,0.70525
272,230,0.8895
272,244,0.763
272,272,0.70125
272,316,0.805
272,374,0.8645
272,417,0.8145
272,588,0.705
272,589,0.95125
272,742,0.7495
272,777,0.7405
272,920,0.83775
272,1007,0.997
273,105,0.88325
273,107,0.73625
273,181,0.96025
273,220,0.76875
273,255,0.82125
273,268,0.8745
273,269,0.77775
273,302,0.80075
273,464,0.746
273,465,0.8975
273,467,0.7305
273,468,0.769
273,469,0.7825
273,498,0.9685
273,742,0.8345
273,813,0.712
273,814,0.93975
273,863,0.79975
273,864,0.78275
273,911,0.8155
273,981,0.942
274,22,0.74
274,46,0.769
274,86,0.82725
274,87,0.9065
274,122,0.768
274,147,0.87375
274,162,0.75
274,212,0.83025
274,270,0.95
274,325,0.898
274,344,0.89075
274,351,0.98525
274,487,0.74175
274,639,0.76775
274,640,0.70375
274,689,0.91375
274,739,0.81725
274,742,0.75525
274,867,0.77575
274,883,0.73675
274,897,0.73675
274,995,0.917
274,1091,0.75775
274,1104,0.87475
274,1116,0.82475
275,122,0.7635
275,235,0.964
275,236,0.78725
275,277,0.74525
275,384,0.7405
275,412,0.7655
275,540,0.792
275,543,0.99
275,693,0.999
275,742,0.76475
275,854,0.709
275,867,0.71825
275,972,0.86775
275,1062,0.747
276,158,0.70525
276,452,0.7465
276,540,0.8705
276,544,0.704
276,610,0.772
276,640,0.79675
276,733,0.80075
276,742,0.8215
276,829,0.8685
276,982,0.8635
276,995,0.73
276,1008,0.7705
277,19,0.94775
277,20,0.96575
277,29,0.854
277,70,0.83975
277,84,0.99075
277,101,0.8905
277,132,0.99025
277,188,0.86025
277,195,0.73525
277,308,0.9155
277,334,0.77825
277,349,0.99
277,355,0.765
277,369,0.81575
277,396,0.80675
277,415,0.8155
277,439,0.702
277,445,0.7125
277,447,0.91725
277,607,0.8835
277,630,0.73675
277,692,0.99375
277,694,0.97825
277,777,0.80775
277,807,0.7645
277,870,0.7475
277,886,0.874
277,887,0.93775
277,888,0.852
277,889,0.909
277,890,0.9535
277,920,0.804
277,933,0.72
277,942,0.99325
277,944,0.98775
277,945,0.96275
277,951,0.978
277,1012,0.70725
277,1063,0.77325
278,19,0.98875
278,20,0.97325
278,132,0.78325
278,170,0.8765
278,183,0.739
278,195,0.9145
278,230,0.90825
278,369,0.7335
278,389,0.916
278,390,0.73175
278,406,0.98
278,415,0.745
278,445,0.749
278,447,0.9855
278,481,0.8815
278,592,0.8075
278,631,0.961
278,795,0.70425
278,901,0.90425
278,904,0.98475
278,920,0.74675
278,1031,0.718
278,1070,0.79675
279,107,0.97125
279,147,0.9425
279,154,0.74975
279,203,0.87025
279,204,0.89925
279,278,0.7445
279,374,0.8155
279,439,0.763
279,742,0.76225
279,769,0.78525
279,885,0.917
280,19,0.77825
280,244,0.9575
280,414,0.7835
280,415,0.877
280,588,0.76275
280,742,0.76575
280,951,0.7225
280,1036,0.99525
280,1101,0.73
281,46,0.70475
281,76,0.8515
281,79,0.74325
281,80,0.873
281,86,0.76775
281,140,0.852
281,192,0.99025
281,212,0.87675
281,218,0.7695
281,240,0.9425
281,242,0.826
281,250,0.83525
281,270,0.71125
281,280,0.78375
281,285,0.7565
281,325,0.738
281,351,0.9695
281,368,0.91725
281,430,0.87875
281,442,0.88625
281,452,0.78525
281,472,0.7755
281,487,0.96275
281,535,0.823
281,540,0.905
281,547,0.97275
281,550,0.957
281,554,0.77675
281,583,0.74575
281,616,0.8405
281,634,0.71075
281,635,0.95275
281,636,0.97975
281,645,0.71475
281,646,0.771
281,647,0.92975
281,652,0.885
281,733,0.96225
281,742,0.8995
281,766,0.972
281,767,0.915
281,779,0.881
281,780,0.86825
281,806,0.85725
281,812,0.71575
281,823,0.93675
281,824,0.90925
281,884,0.70125
281,888,0.7205
281,897,0.70825
281,936,0.71375
281,972,0.90675
281,974,0.7935
281,981,0.71025
281,982,0.91525
281,995,0.96875
281,996,0.7845
281,1012,0.70125
281,1020,0.7505
281,1051,0.73675
281,1073,0.90375
281,1090,0.904
281,1091,0.97675
281,1092,0.89225
281,1104,0.97925
282,26,0.84
282,235,0.916
282,236,0.817
282,328,0.7945
282,331,0.76925
282,503,0.75775
282,540,0.748
282,702,0.90425
282,867,0.73925
282,1013,0.77125
282,1014,0.72125
282,1015,0.81425
283,230,0.99
283,272,0.83025
283,332,0.964
283,365,0.75925
283,403,0.849
283,416,0.986
283,417,0.95
283,418,0.8555
283,445,0.7245
283,455,0.9475
283,476,0.76375
283,504,0.713
283,505,0.95625
283,528,0.9085
283,529,0.87625
283,614,0.75875
283,735,0.8895
283,742,0.8295
283,893,0.7395
283,978,0.75475
283,980,0.81525
283,1071,0.8735
284,45,0.82325
284,95,0.816
284,97,0.88125
284,176,0.7665
284,177,0.751
284,275,0.93325
284,276,0.9295
284,521,0.802
284,616,0.78325
284,742,0.78075
284,852,0.77175
284,933,0.934
284,934,0.83425
284,978,0.73625
284,980,0.751
284,1104,0.7955
285,412,0.76625
285,613,0.9045
285,614,0.70125
285,756,0.954
285,918,0.968
285,1008,0.7135
285,1096,0.8795
285,1120,0.91425
